ID,Name,Date,Time
1,Ali,01-11-2025,09:45:23
2,Ram,01-11-2025,09:17:41
3,Priya,01-11-2025,09:58:50
5,Alex,01-11-2025,09:21:12
7,Sara,01-11-2025,09:12:38
8,Ravi,01-11-2025,09:40:04
10,Kabir,01-11-2025,09:55:09
1,Ali,02-11-2025,09:13:44
2,Ram,02-11-2025,09:30:01
3,Priya,02-11-2025,09:10:26
4,Mark,02-11-2025,09:59:50
6,Yanandan,02-11-2025,09:46:22
9,Nina,02-11-2025,09:20:33
10,Kabir,02-11-2025,09:35:47
2,Ram,03-11-2025,09:15:38
3,Priya,03-11-2025,09:44:02
4,Mark,03-11-2025,09:58:33
5,Alex,03-11-2025,09:08:11
7,Sara,03-11-2025,09:33:09
8,Ravi,03-11-2025,09:22:51
9,Nina,03-11-2025,09:19:03
10,Kabir,03-11-2025,09:40:41
1,Ali,04-11-2025,09:51:22
3,Priya,04-11-2025,09:33:27
5,Alex,04-11-2025,09:48:43
6,Yanandan,04-11-2025,09:58:04
7,Sara,04-11-2025,09:17:13
8,Ravi,04-11-2025,09:19:21
9,Nina,04-11-2025,09:22:35
1,Ali,05-11-2025,09:24:07
2,Ram,05-11-2025,09:15:38
4,Mark,05-11-2025,09:55:20
5,Alex,05-11-2025,09:38:42
6,Yanandan,05-11-2025,09:11:07
7,Sara,05-11-2025,09:29:30
8,Ravi,05-11-2025,09:40:12
9,Nina,05-11-2025,09:59:50
10,Kabir,05-11-2025,09:46:24
2,Ram,06-11-2025,09:44:16
3,Priya,06-11-2025,09:56:32
4,Mark,06-11-2025,09:27:18
5,Alex,06-11-2025,09:11:04
7,Sara,06-11-2025,09:18:22
8,Ravi,06-11-2025,09:49:37
9,Nina,06-11-2025,09:57:51
1,Ali,07-11-2025,09:41:40
3,Priya,07-11-2025,09:14:27
4,Mark,07-11-2025,09:28:13
5,Alex,07-11-2025,09:31:20
6,Yanandan,07-11-2025,09:23:10
8,Ravi,07-11-2025,09:15:37
9,Nina,07-11-2025,09:44:55
1,Ali,08-11-2025,09:19:17
2,Ram,08-11-2025,09:10:56
3,Priya,08-11-2025,09:12:34
5,Alex,08-11-2025,09:45:19
6,Yanandan,08-11-2025,09:59:11
8,Ravi,08-11-2025,09:22:01
9,Nina,08-11-2025,09:39:05
10,Kabir,08-11-2025,09:47:42
2,Ram,09-11-2025,09:23:53
3,Priya,09-11-2025,09:32:48
4,Mark,09-11-2025,09:17:10
5,Alex,09-11-2025,09:26:25
7,Sara,09-11-2025,09:51:08
8,Ravi,09-11-2025,09:44:38
9,Nina,09-11-2025,09:11:46
1,Ali,10-11-2025,09:16:22
2,Ram,10-11-2025,09:33:19
3,Priya,10-11-2025,09:47:28
4,Mark,10-11-2025,09:58:04
5,Alex,10-11-2025,09:23:41
8,Ravi,10-11-2025,09:40:59
9,Nina,10-11-2025,09:32:27
10,Kabir,10-11-2025,09:11:56
1,Ali,11-11-2025,09:55:19
2,Ram,11-11-2025,09:40:33
3,Priya,11-11-2025,09:15:49
5,Alex,11-11-2025,09:37:28
6,Yanandan,11-11-2025,09:49:10
7,Sara,11-11-2025,09:59:31
8,Ravi,11-11-2025,09:12:47
9,Nina,11-11-2025,09:29:02
10,Kabir,11-11-2025,09:24:14
2,Ram,13-11-2025,09:10:49
3,Priya,13-11-2025,09:15:31
4,Mark,13-11-2025,09:24:28
5,Alex,13-11-2025,09:41:36
6,Yanandan,13-11-2025,09:57:17
7,Sara,13-11-2025,09:32:58
8,Ravi,13-11-2025,09:29:10
9,Nina,13-11-2025,09:54:22
10,Kabir,13-11-2025,10:19:43
